Top pages,Clicks,Impressions,CTR,Position
https://ascensionhealthnv.com/,16,472,3.39%,8.74
https://ascensionhealthnv.com/medical-weight-loss/,2,19,10.53%,39.47
https://ascensionhealthnv.com/pain-relief/,1,43,2.33%,16.79
https://ascensionhealthnv.com/physical-therapy/,1,30,3.33%,11.4
https://ascensionhealthnv.com/conditions-treated/myofascial-release/,1,23,4.35%,6.04
https://ascensionhealthnv.com/conditions-treated/sciatica/,1,6,16.67%,5.83
https://ascensionhealthnv.com/about/,0,134,0%,8.01
https://ascensionhealthnv.com/contact/,0,133,0%,7.41
https://ascensionhealthnv.com/services/chiropractic-care/,0,132,0%,7.72
https://ascensionhealthnv.com/gainswave/,0,69,0%,26.45
https://ascensionhealthnv.com/new-patients/,0,66,0%,7.48
https://ascensionhealthnv.com/appointments/,0,63,0%,6.76
https://ascensionhealthnv.com/services/,0,60,0%,6.72
https://ascensionhealthnv.com/joint-pain/,0,55,0%,3.71
https://ascensionhealthnv.com/conditions-treated/,0,55,0%,8.42
https://ascensionhealthnv.com/our-team/,0,34,0%,8.32
https://ascensionhealthnv.com/conditions-treated/intersegmental-traction/,0,31,0%,62.65
https://ascensionhealthnv.com/conditions-treated/headaches-migraines/,0,20,0%,7.35
https://ascensionhealthnv.com/joint-injections/,0,10,0%,62.9
https://ascensionhealthnv.com/neuropathy/,0,8,0%,8.62
https://ascensionhealthnv.com/nutritional-ivs/,0,6,0%,19.33
https://ascensionhealthnv.com/hormonal-imbalance/,0,6,0%,25
https://ascensionhealthnv.com/trigger-point-injections/,0,6,0%,51.83
https://ascensionhealthnv.com/new-patients/online-forms/,0,5,0%,7.8
https://ascensionhealthnv.com/accessibility/,0,4,0%,6.5
https://ascensionhealthnv.com/conditions-treated/neck-pain/,0,4,0%,7
https://ascensionhealthnv.com/knee-pain/,0,4,0%,8.5
https://ascensionhealthnv.com/sitemap/,0,4,0%,43
https://ascensionhealthnv.com/sexual-dysfunction/,0,4,0%,61.5
https://ascensionhealthnv.com/conditions-treated/back-pain/,0,3,0%,4.33
https://ascensionhealthnv.com/services/spinal-decompression/,0,3,0%,5
https://ascensionhealthnv.com/conditions-treated/shoulder-pain/,0,1,0%,7
https://ascensionhealthnv.com/bioidentical-hormone-replacement-therapy/,0,1,0%,82