Top queries,Clicks,Impressions,CTR,Position
fernley chiropractic,1,58,1.72%,14.52
ascension chiropractic,1,49,2.04%,11.14
chiropractor fernley nv,1,30,3.33%,3.47
fernley chiropractor,1,10,10%,2.5
ascension chiropractor,1,1,100%,1
doctors near me,1,1,100%,10
gainswave las vegas,0,44,0%,30.52
ascension,0,26,0%,10.62
how to do myofascial release correctly,0,15,0%,6.6
physical therapy fernley nv,0,12,0%,9.42
ascension health,0,11,0%,2.27
invisalign in fernley,0,11,0%,51.91
joint injections las vegas,0,9,0%,69.33
ascension headache,0,8,0%,6.12
hospital fernley nv,0,8,0%,6.38
gainswave henderson,0,8,0%,25
chiropractor near me,0,7,0%,10
natural pain relief nevada,0,7,0%,72.86
intersegmental traction therapy,0,7,0%,80
intersegmental traction,0,7,0%,84.14
fernley hospital,0,6,0%,5.83
ascension health care,0,6,0%,60.33
hospital near me,0,5,0%,8.2
nv weight loss,0,5,0%,26.2
paradise nv weight loss clinic,0,5,0%,67.8
ascension health fernley,0,4,0%,1.25
fernley nv hospital,0,4,0%,6.5
intersegmental traction table,0,4,0%,88
chiropractor fernley,0,3,0%,4
gurley gainswave,0,3,0%,11.33
ascension chiropractic clinic,0,3,0%,23
banner fernley nv,0,3,0%,32
nv clinical weight loss,0,3,0%,50.67
best specialist for trigger point injections las vegas,0,3,0%,68.33
myofascial release vs myofascial release,0,2,0%,7.5
clinic near me,0,2,0%,8
the joint chiropractic,0,2,0%,8
osteo cranial therapy near me,0,2,0%,11
chiropractors nearby,0,2,0%,12
therapy fernley nv,0,2,0%,13.5
berwyn gainswave,0,2,0%,22
ascension chiropractic health centre,0,2,0%,22.5
steiner gainswave,0,2,0%,27
intersegmental,0,2,0%,82.5
segmental traction,0,2,0%,85
best chairo soup near me,0,1,0%,3
asension health,0,1,0%,4
back pain doctor near me,0,1,0%,4
joint chiropractic,0,1,0%,5
bradley chiropractor,0,1,0%,6
fernley physical therapy,0,1,0%,6
ascension medical group,0,1,0%,7
joint chiropractor near me,0,1,0%,7
spine specialist near me,0,1,0%,7
nevada neck and back,0,1,0%,8
spinal surgeons near me,0,1,0%,8
ascession,0,1,0%,9
myofascial release for couples,0,1,0%,9
the rock clinic,0,1,0%,9
womens weight loss clinic,0,1,0%,9
ascinsion,0,1,0%,10
chiropracter near me,0,1,0%,10
haynes chiropractic,0,1,0%,10
asension,0,1,0%,11
gainswave gurley,0,1,0%,11
asention,0,1,0%,14
deer valley gainswave,0,1,0%,22
roc fernley,0,1,0%,22
banner fernley,0,1,0%,24
lincoln gainswave,0,1,0%,25
gainswave steiner,0,1,0%,30
sunset valley gainswave,0,1,0%,30
medical weight loss near me,0,1,0%,37
chiropractor near me medicaid accepted,0,1,0%,43
banner health fernley nv,0,1,0%,44
fernley nv dentist,0,1,0%,56
weight loss nevada,0,1,0%,57
low libido treatment men las vegas,0,1,0%,70
chiropractors that accept medicaid near me,0,1,0%,74
menopause treatment in nevada,0,1,0%,82
low sex drive treatment las vegas,0,1,0%,91
carson valley medical center physical therapy,0,1,0%,92